<?xml version="1.0" encoding="UTF-8"?>
<GenRun Id="impl_1" LaunchPart="xc7a35tcpg236-1" LaunchTime="1631600840">
  <File Type="ROUTE-PWR" Name="full_adder_vhdl_code_power_routed.rpt"/>
  <File Type="PA-TCL" Name="full_adder_vhdl_code.tcl"/>
  <File Type="BITSTR-MMI" Name="full_adder_vhdl_code.mmi"/>
  <File Type="OPT-METHODOLOGY-DRC" Name="full_adder_vhdl_code_methodology_drc_opted.rpt"/>
  <File Type="INIT-TIMING" Name="full_adder_vhdl_code_timing_summary_init.rpt"/>
  <File Type="ROUTE-PWR-SUM" Name="full_adder_vhdl_code_power_summary_routed.pb"/>
  <File Type="REPORTS-TCL" Name="full_adder_vhdl_code_reports.tcl"/>
  <File Type="OPT-TIMING" Name="full_adder_vhdl_code_timing_summary_opted.rpt"/>
  <File Type="OPT-DCP" Name="full_adder_vhdl_code_opt.dcp"/>
  <File Type="OPT-DRC" Name="full_adder_vhdl_code_drc_opted.rpt"/>
  <File Type="OPT-HWDEF" Name="full_adder_vhdl_code.hwdef"/>
  <File Type="PWROPT-DCP" Name="full_adder_vhdl_code_pwropt.dcp"/>
  <File Type="PWROPT-DRC" Name="full_adder_vhdl_code_drc_pwropted.rpt"/>
  <File Type="PWROPT-TIMING" Name="full_adder_vhdl_code_timing_summary_pwropted.rpt"/>
  <File Type="PLACE-DCP" Name="full_adder_vhdl_code_placed.dcp"/>
  <File Type="PLACE-IO" Name="full_adder_vhdl_code_io_placed.rpt"/>
  <File Type="PLACE-CLK" Name="full_adder_vhdl_code_clock_utilization_placed.rpt"/>
  <File Type="PLACE-UTIL" Name="full_adder_vhdl_code_utilization_placed.rpt"/>
  <File Type="PLACE-UTIL-PB" Name="full_adder_vhdl_code_utilization_placed.pb"/>
  <File Type="PLACE-CTRL" Name="full_adder_vhdl_code_control_sets_placed.rpt"/>
  <File Type="PLACE-SIMILARITY" Name="full_adder_vhdl_code_incremental_reuse_placed.rpt"/>
  <File Type="PLACE-PRE-SIMILARITY" Name="full_adder_vhdl_code_incremental_reuse_pre_placed.rpt"/>
  <File Type="BG-BIN" Name="full_adder_vhdl_code.bin"/>
  <File Type="PLACE-TIMING" Name="full_adder_vhdl_code_timing_summary_placed.rpt"/>
  <File Type="POSTPLACE-PWROPT-DCP" Name="full_adder_vhdl_code_postplace_pwropt.dcp"/>
  <File Type="BITSTR-MSK" Name="full_adder_vhdl_code.msk"/>
  <File Type="POSTPLACE-PWROPT-TIMING" Name="full_adder_vhdl_code_timing_summary_postplace_pwropted.rpt"/>
  <File Type="PHYSOPT-DCP" Name="full_adder_vhdl_code_physopt.dcp"/>
  <File Type="PHYSOPT-DRC" Name="full_adder_vhdl_code_drc_physopted.rpt"/>
  <File Type="BITSTR-RBT" Name="full_adder_vhdl_code.rbt"/>
  <File Type="PHYSOPT-TIMING" Name="full_adder_vhdl_code_timing_summary_physopted.rpt"/>
  <File Type="ROUTE-ERROR-DCP" Name="full_adder_vhdl_code_routed_error.dcp"/>
  <File Type="ROUTE-DCP" Name="full_adder_vhdl_code_routed.dcp"/>
  <File Type="ROUTE-BLACKBOX-DCP" Name="full_adder_vhdl_code_routed_bb.dcp"/>
  <File Type="ROUTE-DRC" Name="full_adder_vhdl_code_drc_routed.rpt"/>
  <File Type="ROUTE-DRC-PB" Name="full_adder_vhdl_code_drc_routed.pb"/>
  <File Type="ROUTE-DRC-RPX" Name="full_adder_vhdl_code_drc_routed.rpx"/>
  <File Type="ROUTE-METHODOLOGY-DRC" Name="full_adder_vhdl_code_methodology_drc_routed.rpt"/>
  <File Type="ROUTE-METHODOLOGY-DRC-RPX" Name="full_adder_vhdl_code_methodology_drc_routed.rpx"/>
  <File Type="ROUTE-METHODOLOGY-DRC-PB" Name="full_adder_vhdl_code_methodology_drc_routed.pb"/>
  <File Type="ROUTE-PWR-RPX" Name="full_adder_vhdl_code_power_routed.rpx"/>
  <File Type="ROUTE-STATUS" Name="full_adder_vhdl_code_route_status.rpt"/>
  <File Type="ROUTE-STATUS-PB" Name="full_adder_vhdl_code_route_status.pb"/>
  <File Type="ROUTE-TIMINGSUMMARY" Name="full_adder_vhdl_code_timing_summary_routed.rpt"/>
  <File Type="ROUTE-TIMING-PB" Name="full_adder_vhdl_code_timing_summary_routed.pb"/>
  <File Type="ROUTE-TIMING-RPX" Name="full_adder_vhdl_code_timing_summary_routed.rpx"/>
  <File Type="ROUTE-SIMILARITY" Name="full_adder_vhdl_code_incremental_reuse_routed.rpt"/>
  <File Type="ROUTE-CLK" Name="full_adder_vhdl_code_clock_utilization_routed.rpt"/>
  <File Type="ROUTE-BUS-SKEW" Name="full_adder_vhdl_code_bus_skew_routed.rpt"/>
  <File Type="ROUTE-BUS-SKEW-PB" Name="full_adder_vhdl_code_bus_skew_routed.pb"/>
  <File Type="ROUTE-BUS-SKEW-RPX" Name="full_adder_vhdl_code_bus_skew_routed.rpx"/>
  <File Type="POSTROUTE-PHYSOPT-DCP" Name="full_adder_vhdl_code_postroute_physopt.dcp"/>
  <File Type="POSTROUTE-PHYSOPT-BLACKBOX-DCP" Name="full_adder_vhdl_code_postroute_physopt_bb.dcp"/>
  <File Type="POSTROUTE-PHYSOPT-TIMING" Name="full_adder_vhdl_code_timing_summary_postroute_physopted.rpt"/>
  <File Type="POSTROUTE-PHYSOPT-TIMING-PB" Name="full_adder_vhdl_code_timing_summary_postroute_physopted.pb"/>
  <File Type="POSTROUTE-PHYSOPT-TIMING-RPX" Name="full_adder_vhdl_code_timing_summary_postroute_physopted.rpx"/>
  <File Type="POSTROUTE-PHYSOPT-BUS-SKEW" Name="full_adder_vhdl_code_bus_skew_postroute_physopted.rpt"/>
  <File Type="BG-BIT" Name="full_adder_vhdl_code.bit"/>
  <File Type="POSTROUTE-PHYSOPT-BUS-SKEW-PB" Name="full_adder_vhdl_code_bus_skew_postroute_physopted.pb"/>
  <File Type="POSTROUTE-PHYSOPT-BUS-SKEW-RPX" Name="full_adder_vhdl_code_bus_skew_postroute_physopted.rpx"/>
  <File Type="BITSTR-NKY" Name="full_adder_vhdl_code.nky"/>
  <File Type="BITSTR-BMM" Name="full_adder_vhdl_code_bd.bmm"/>
  <File Type="PDI-FILE" Name="full_adder_vhdl_code.pdi"/>
  <File Type="RCFI_FILE" Name="full_adder_vhdl_code.rcfi"/>
  <File Type="CFI_FILE" Name="full_adder_vhdl_code.cfi"/>
  <File Type="RNPI_FILE" Name="full_adder_vhdl_code.rnpi"/>
  <File Type="NPI_FILE" Name="full_adder_vhdl_code.npi"/>
  <File Type="RBD_FILE" Name="full_adder_vhdl_code.rbd"/>
  <File Type="BITSTR-LTX" Name="debug_nets.ltx"/>
  <File Type="BITSTR-LTX" Name="full_adder_vhdl_code.ltx"/>
  <File Type="BITSTR-SYSDEF" Name="full_adder_vhdl_code.sysdef"/>
  <File Type="BG-BGN" Name="full_adder_vhdl_code.bgn"/>
  <File Type="BG-DRC" Name="full_adder_vhdl_code.drc"/>
  <File Type="RDI-RDI" Name="full_adder_vhdl_code.vdi"/>
  <File Type="WBT-USG" Name="usage_statistics_webtalk.html"/>
  <FileSet Name="sources" Type="DesignSrcs" RelSrcDir="$PSRCDIR/sources_1" RelGenDir="$PGENDIR/sources_1">
    <Filter Type="Srcs"/>
    <File Path="$PSRCDIR/sources_1/new/full_adder.vhd">
      <FileInfo>
        <Attr Name="UsedIn" Val="synthesis"/>
        <Attr Name="UsedIn" Val="simulation"/>
      </FileInfo>
    </File>
    <Config>
      <Option Name="DesignMode" Val="RTL"/>
      <Option Name="TopModule" Val="full_adder_vhdl_code"/>
      <Option Name="TopAutoSet" Val="TRUE"/>
    </Config>
  </FileSet>
  <FileSet Name="constrs_in" Type="Constrs" RelSrcDir="$PSRCDIR/constrs_1">
    <Filter Type="Constrs"/>
    <File Path="$PPRDIR/../../../../Downloads/Basys3_Master_v2.xdc">
      <FileInfo>
        <Attr Name="UsedIn" Val="synthesis"/>
        <Attr Name="UsedIn" Val="implementation"/>
      </FileInfo>
    </File>
    <Config>
      <Option Name="ConstrsType" Val="XDC"/>
    </Config>
  </FileSet>
  <FileSet Name="utils" Type="Utils" RelSrcDir="$PSRCDIR/utils_1">
    <Filter Type="Utils"/>
    <Config>
      <Option Name="TopAutoSet" Val="TRUE"/>
    </Config>
  </FileSet>
  <Strategy Version="1" Minor="2">
    <StratHandle Name="Vivado Implementation Defaults" Flow="Vivado Implementation 2021">
      <Desc>Default settings for Implementation.</Desc>
    </StratHandle>
    <Step Id="init_design"/>
    <Step Id="opt_design"/>
    <Step Id="power_opt_design"/>
    <Step Id="place_design"/>
    <Step Id="post_place_power_opt_design"/>
    <Step Id="phys_opt_design"/>
    <Step Id="route_design"/>
    <Step Id="post_route_phys_opt_design"/>
    <Step Id="write_bitstream"/>
  </Strategy>
</GenRun>
