﻿<?xml version="1.0" encoding="UTF-8" standalone="no" ?>
<!-- Copyright (C) 2019, Xilinx Inc - All rights reserved

 Licensed under the Apache License, Version 2.0 (the "License"). You may
 not use this file except in compliance with the License. A copy of the
 License is located at

     http://www.apache.org/licenses/LICENSE-2.0


 Unless required by applicable law or agreed to in writing, software
 distributed under the License is distributed on an "AS IS" BASIS, WITHOUT
 WARRANTIES OR CONDITIONS OF ANY KIND, either express or implied. See the
 License for the specific language governing permissions and limitations
 under the License. -->
 
<ExampleDesign>

  <Vendor>xilinx.com</Vendor>

  <Library>design</Library>

  <Name>zynq7000_preset</Name>
  
  <DisplayName>Zynq-7000 Design Presets</DisplayName>

  <Description>
Zynq-7000 consists of a Processing System (PS) and programmable logic (PL).

These designs offer a Zynq-7000 Processor-based subsystem comprised of: 

An implementation of  an ARM v7A architecture profile with a dual-core A9 and 512kB of L2 cache with lock down support, memory virtualization, hardware virtualization and TrustZone security extensions to execute platform OSes

Integrated memory mapped peripherals

A hardened DDR memory controller

256KB of On-Chip Memory

The Processing System capabilities can be augmented by leveraging the Programmable Logic.

 </Description>

  <Version>1.0</Version>

  <Design>init.tcl</Design>

  <!-- <Image>Zynq_Platform.png</Image> -->

</ExampleDesign>

