<?xml version="1.0" encoding="UTF-8"?>
<GenRun Id="impl_1" LaunchPart="xc7a35tcpg236-1" LaunchTime="1587370124">
  <File Type="PA-TCL" Name="Mod_16_Test_Block_2.tcl"/>
  <File Type="REPORTS-TCL" Name="Mod_16_Test_Block_2_reports.tcl"/>
  <File Type="BITSTR-MSK" Name="Mod_16_Test_Block_2.msk"/>
  <File Type="RDI-RDI" Name="Mod_16_Test_Block_2.vdi"/>
  <File Type="BG-BIT" Name="Mod_16_Test_Block_2.bit"/>
  <File Type="BG-DRC" Name="Mod_16_Test_Block_2.drc"/>
  <File Type="BG-BGN" Name="Mod_16_Test_Block_2.bgn"/>
  <File Type="BG-BIN" Name="Mod_16_Test_Block_2.bin"/>
  <File Type="BITSTR-RBT" Name="Mod_16_Test_Block_2.rbt"/>
  <File Type="BITSTR-NKY" Name="Mod_16_Test_Block_2.nky"/>
  <File Type="BITSTR-BMM" Name="Mod_16_Test_Block_2_bd.bmm"/>
  <File Type="BITSTR-MMI" Name="Mod_16_Test_Block_2.mmi"/>
  <File Type="BITSTR-SYSDEF" Name="Mod_16_Test_Block_2.sysdef"/>
  <File Type="BITSTR-LTX" Name="debug_nets.ltx"/>
  <File Type="BITSTR-LTX" Name="Mod_16_Test_Block_2.ltx"/>
  <File Type="WBT-USG" Name="usage_statistics_webtalk.html"/>
  <File Type="OPT-HWDEF" Name="Mod_16_Test_Block_2.hwdef"/>
  <File Type="PLACE-PRE-SIMILARITY" Name="Mod_16_Test_Block_2_incremental_reuse_pre_placed.rpt"/>
  <File Type="ROUTE-DCP" Name="Mod_16_Test_Block_2_routed.dcp"/>
  <File Type="ROUTE-ERROR-DCP" Name="Mod_16_Test_Block_2_routed_error.dcp"/>
  <File Type="ROUTE-BLACKBOX-DCP" Name="Mod_16_Test_Block_2_routed_bb.dcp"/>
  <File Type="ROUTE-TIMING-PB" Name="Mod_16_Test_Block_2_timing_summary_routed.pb"/>
  <File Type="OPT-DCP" Name="Mod_16_Test_Block_2_opt.dcp"/>
  <File Type="PLACE-DCP" Name="Mod_16_Test_Block_2_placed.dcp"/>
  <File Type="PWROPT-DCP" Name="Mod_16_Test_Block_2_pwropt.dcp"/>
  <File Type="POSTPLACE-PWROPT-DCP" Name="Mod_16_Test_Block_2_postplace_pwropt.dcp"/>
  <File Type="PHYSOPT-DCP" Name="Mod_16_Test_Block_2_physopt.dcp"/>
  <File Type="POSTROUTE-PHYSOPT-DCP" Name="Mod_16_Test_Block_2_postroute_physopt.dcp"/>
  <File Type="POSTROUTE-PHYSOPT-BLACKBOX-DCP" Name="Mod_16_Test_Block_2_postroute_physopt_bb.dcp"/>
  <File Type="PDI-FILE" Name="Mod_16_Test_Block_2.pdi"/>
  <File Type="RCFI_FILE" Name="Mod_16_Test_Block_2.rcfi"/>
  <File Type="CFI_FILE" Name="Mod_16_Test_Block_2.cfi"/>
  <File Type="RNPI_FILE" Name="Mod_16_Test_Block_2.rnpi"/>
  <File Type="NPI_FILE" Name="Mod_16_Test_Block_2.npi"/>
  <File Type="RBD_FILE" Name="Mod_16_Test_Block_2.rbd"/>
  <FileSet Name="sources" Type="DesignSrcs" RelSrcDir="$PSRCDIR/sources_1">
    <Filter Type="Srcs"/>
    <File Path="$PSRCDIR/sources_1/new/Mode_M_Counter_1e8.vhd">
      <FileInfo>
        <Attr Name="UsedIn" Val="synthesis"/>
        <Attr Name="UsedIn" Val="simulation"/>
      </FileInfo>
    </File>
    <File Path="$PPRDIR/../Lecture04/Lecture04_Part2/Lecture04_Part2.srcs/sources_1/new/hex_to_seg.vhd">
      <FileInfo>
        <Attr Name="UsedIn" Val="synthesis"/>
        <Attr Name="UsedIn" Val="simulation"/>
      </FileInfo>
    </File>
    <File Path="$PSRCDIR/sources_1/new/Mod_16_Test_Block_2.vhd">
      <FileInfo>
        <Attr Name="UsedIn" Val="synthesis"/>
        <Attr Name="UsedIn" Val="simulation"/>
      </FileInfo>
    </File>
    <File Path="$PSRCDIR/sources_1/new/Mode_M_Counter.vhd">
      <FileInfo>
        <Attr Name="AutoDisabled" Val="1"/>
        <Attr Name="UsedIn" Val="synthesis"/>
        <Attr Name="UsedIn" Val="simulation"/>
      </FileInfo>
    </File>
    <File Path="$PSRCDIR/sources_1/new/Mod_16_Test_Block_1.vhd">
      <FileInfo>
        <Attr Name="AutoDisabled" Val="1"/>
        <Attr Name="UsedIn" Val="synthesis"/>
        <Attr Name="UsedIn" Val="simulation"/>
      </FileInfo>
    </File>
    <Config>
      <Option Name="DesignMode" Val="RTL"/>
      <Option Name="TopModule" Val="Mod_16_Test_Block_2"/>
    </Config>
  </FileSet>
  <FileSet Name="constrs_in" Type="Constrs" RelSrcDir="$PSRCDIR/constrs_1">
    <Filter Type="Constrs"/>
    <File Path="$PSRCDIR/constrs_1/new/mod_16_test_block_1_xdc.xdc">
      <FileInfo>
        <Attr Name="UsedIn" Val="synthesis"/>
        <Attr Name="UsedIn" Val="implementation"/>
      </FileInfo>
    </File>
    <File Path="$PSRCDIR/constrs_1/new/mod_16_test_block_2_xdc.xdc">
      <FileInfo>
        <Attr Name="UsedIn" Val="synthesis"/>
        <Attr Name="UsedIn" Val="implementation"/>
      </FileInfo>
    </File>
    <Config>
      <Option Name="ConstrsType" Val="XDC"/>
    </Config>
  </FileSet>
  <FileSet Name="utils" Type="Utils" RelSrcDir="$PSRCDIR/utils_1">
    <Filter Type="Utils"/>
    <Config>
      <Option Name="TopAutoSet" Val="TRUE"/>
    </Config>
  </FileSet>
  <Strategy Version="1" Minor="2">
    <StratHandle Name="Vivado Implementation Defaults" Flow="Vivado Implementation 2019"/>
    <Step Id="init_design"/>
    <Step Id="opt_design"/>
    <Step Id="power_opt_design"/>
    <Step Id="place_design"/>
    <Step Id="post_place_power_opt_design"/>
    <Step Id="phys_opt_design" EnableStepBool="1"/>
    <Step Id="route_design"/>
    <Step Id="post_route_phys_opt_design"/>
    <Step Id="write_bitstream"/>
    <Step Id="write_device_image"/>
  </Strategy>
</GenRun>
