<?xml version="1.0" encoding="UTF-8"?>
<GenRun Id="impl_1" LaunchPart="xc7a35tcpg236-1" LaunchTime="1631611241">
  <File Type="ROUTE-PWR" Name="two_2_four_encoder_withselect_power_routed.rpt"/>
  <File Type="PA-TCL" Name="two_2_four_encoder_withselect.tcl"/>
  <File Type="BITSTR-MSK" Name="two_2_four_encoder_withselect.msk"/>
  <File Type="ROUTE-CLK" Name="two_2_four_encoder_withselect_clock_utilization_routed.rpt"/>
  <File Type="RDI-RDI" Name="two_2_four_encoder_withselect.vdi"/>
  <File Type="BITSTR-NKY" Name="two_2_four_encoder_withselect.nky"/>
  <File Type="BG-BIT" Name="two_2_four_encoder_withselect.bit"/>
  <File Type="BG-DRC" Name="two_2_four_encoder_withselect.drc"/>
  <File Type="BG-BGN" Name="two_2_four_encoder_withselect.bgn"/>
  <File Type="BG-BIN" Name="two_2_four_encoder_withselect.bin"/>
  <File Type="BITSTR-RBT" Name="two_2_four_encoder_withselect.rbt"/>
  <File Type="BITSTR-BMM" Name="two_2_four_encoder_withselect_bd.bmm"/>
  <File Type="BITSTR-MMI" Name="two_2_four_encoder_withselect.mmi"/>
  <File Type="ROUTE-METHODOLOGY-DRC" Name="two_2_four_encoder_withselect_methodology_drc_routed.rpt"/>
  <File Type="BITSTR-SYSDEF" Name="two_2_four_encoder_withselect.sysdef"/>
  <File Type="WBT-USG" Name="usage_statistics_webtalk.html"/>
  <File Type="OPT-DRC" Name="two_2_four_encoder_withselect_drc_opted.rpt"/>
  <File Type="OPT-HWDEF" Name="two_2_four_encoder_withselect.hwdef"/>
  <File Type="PLACE-IO" Name="two_2_four_encoder_withselect_io_placed.rpt"/>
  <File Type="PLACE-UTIL" Name="two_2_four_encoder_withselect_utilization_placed.rpt"/>
  <File Type="PLACE-UTIL-PB" Name="two_2_four_encoder_withselect_utilization_placed.pb"/>
  <File Type="PLACE-CTRL" Name="two_2_four_encoder_withselect_control_sets_placed.rpt"/>
  <File Type="PLACE-PRE-SIMILARITY" Name="two_2_four_encoder_withselect_incremental_reuse_pre_placed.rpt"/>
  <File Type="ROUTE-DRC" Name="two_2_four_encoder_withselect_drc_routed.rpt"/>
  <File Type="ROUTE-DRC-PB" Name="two_2_four_encoder_withselect_drc_routed.pb"/>
  <File Type="ROUTE-PWR-SUM" Name="two_2_four_encoder_withselect_power_summary_routed.pb"/>
  <File Type="ROUTE-PWR-RPX" Name="two_2_four_encoder_withselect_power_routed.rpx"/>
  <File Type="ROUTE-STATUS" Name="two_2_four_encoder_withselect_route_status.rpt"/>
  <File Type="ROUTE-STATUS-PB" Name="two_2_four_encoder_withselect_route_status.pb"/>
  <File Type="ROUTE-DCP" Name="two_2_four_encoder_withselect_routed.dcp"/>
  <File Type="ROUTE-ERROR-DCP" Name="two_2_four_encoder_withselect_routed_error.dcp"/>
  <File Type="ROUTE-BLACKBOX-DCP" Name="two_2_four_encoder_withselect_routed_bb.dcp"/>
  <File Type="ROUTE-TIMINGSUMMARY" Name="two_2_four_encoder_withselect_timing_summary_routed.rpt"/>
  <File Type="ROUTE-TIMING-PB" Name="two_2_four_encoder_withselect_timing_summary_routed.pb"/>
  <File Type="ROUTE-TIMING-RPX" Name="two_2_four_encoder_withselect_timing_summary_routed.rpx"/>
  <File Type="OPT-DCP" Name="two_2_four_encoder_withselect_opt.dcp"/>
  <File Type="PLACE-DCP" Name="two_2_four_encoder_withselect_placed.dcp"/>
  <File Type="PWROPT-DCP" Name="two_2_four_encoder_withselect_pwropt.dcp"/>
  <File Type="POSTPLACE-PWROPT-DCP" Name="two_2_four_encoder_withselect_postplace_pwropt.dcp"/>
  <File Type="PHYSOPT-DCP" Name="two_2_four_encoder_withselect_physopt.dcp"/>
  <File Type="POSTROUTE-PHYSOPT-DCP" Name="two_2_four_encoder_withselect_postroute_physopt.dcp"/>
  <File Type="POSTROUTE-PHYSOPT-BLACKBOX-DCP" Name="two_2_four_encoder_withselect_postroute_physopt_bb.dcp"/>
  <File Type="ROUTE-METHODOLOGY-DRC-PB" Name="two_2_four_encoder_withselect_methodology_drc_routed.pb"/>
  <File Type="ROUTE-DRC-RPX" Name="two_2_four_encoder_withselect_drc_routed.rpx"/>
  <File Type="ROUTE-METHODOLOGY-DRC-RPX" Name="two_2_four_encoder_withselect_methodology_drc_routed.rpx"/>
  <FileSet Name="sources" Type="DesignSrcs" RelSrcDir="$PSRCDIR/sources_1" RelGenDir="$PGENDIR/sources_1">
    <Filter Type="Srcs"/>
    <File Path="$PSRCDIR/sources_1/new/two_2_four_encoder_withselect.vhd">
      <FileInfo>
        <Attr Name="UsedIn" Val="synthesis"/>
        <Attr Name="UsedIn" Val="simulation"/>
      </FileInfo>
    </File>
    <File Path="$PSRCDIR/sources_1/new/priority_encoder_withselect.vhd">
      <FileInfo>
        <Attr Name="AutoDisabled" Val="1"/>
        <Attr Name="UsedIn" Val="synthesis"/>
        <Attr Name="UsedIn" Val="simulation"/>
      </FileInfo>
    </File>
    <File Path="$PSRCDIR/sources_1/new/mux_4_withselect.vhd">
      <FileInfo>
        <Attr Name="AutoDisabled" Val="1"/>
        <Attr Name="UsedIn" Val="synthesis"/>
        <Attr Name="UsedIn" Val="simulation"/>
      </FileInfo>
    </File>
    <File Path="$PSRCDIR/sources_1/new/RTL_demo.vhd">
      <FileInfo>
        <Attr Name="AutoDisabled" Val="1"/>
        <Attr Name="UsedIn" Val="synthesis"/>
        <Attr Name="UsedIn" Val="simulation"/>
      </FileInfo>
    </File>
    <Config>
      <Option Name="DesignMode" Val="RTL"/>
      <Option Name="TopModule" Val="two_2_four_encoder_withselect"/>
    </Config>
  </FileSet>
  <FileSet Name="constrs_in" Type="Constrs" RelSrcDir="$PSRCDIR/constrs_1">
    <Filter Type="Constrs"/>
    <File Path="$PSRCDIR/constrs_1/new/two_2_four_encoder_XDC.xdc">
      <FileInfo>
        <Attr Name="UsedIn" Val="synthesis"/>
        <Attr Name="UsedIn" Val="implementation"/>
      </FileInfo>
    </File>
    <Config>
      <Option Name="ConstrsType" Val="XDC"/>
    </Config>
  </FileSet>
  <FileSet Name="utils" Type="Utils" RelSrcDir="$PSRCDIR/utils_1">
    <Filter Type="Utils"/>
    <Config>
      <Option Name="TopAutoSet" Val="TRUE"/>
    </Config>
  </FileSet>
  <Strategy Version="1" Minor="2">
    <StratHandle Name="Vivado Implementation Defaults" Flow="Vivado Implementation 2017"/>
    <Step Id="init_design"/>
    <Step Id="opt_design"/>
    <Step Id="power_opt_design"/>
    <Step Id="place_design"/>
    <Step Id="post_place_power_opt_design"/>
    <Step Id="phys_opt_design"/>
    <Step Id="route_design"/>
    <Step Id="post_route_phys_opt_design"/>
    <Step Id="write_bitstream"/>
  </Strategy>
</GenRun>
