{
    "config": {
      "items": [
        {
          "infra": {
            "name": "mpsoc_preset",
            "display": "Zynq UltraScale+ MPSoC Design Presets",
            "revision": "1.0",
            "description": "A Zynq UltraScale+ MPSoC based example design",
            "company": "xilinx.com",
            "company_display": "Xilinx",
            "author": "vanitha",
            "contributors": [
              {
                "group": "Xilinx",
                "url": "www.xilinx.com"
              }
            ],
            "category": "Zynq",
            "website": "www.xilinx.com",
            "is_active" : true, 
            "search-keywords": [
              "Zynq Ultracale+ MPSoC Design Presets",
              "xilinx.com",
              "example"             
            ]
          }
        }
      ]
    },
    "_major" : 1,
    "_minor" : 0
}
