<?xml version="1.0" encoding="UTF-8"?>
<GenRun Id="impl_1" LaunchPart="xc7a35tcpg236-1" LaunchTime="1583141973">
  <File Type="BITSTR-BMM" Name="two_to_four_decoder_lab03_bd.bmm"/>
  <File Type="OPT-METHODOLOGY-DRC" Name="two_to_four_decoder_lab03_methodology_drc_opted.rpt"/>
  <File Type="INIT-TIMING" Name="two_to_four_decoder_lab03_timing_summary_init.rpt"/>
  <File Type="ROUTE-PWR" Name="two_to_four_decoder_lab03_power_routed.rpt"/>
  <File Type="PA-TCL" Name="two_to_four_decoder_lab03.tcl"/>
  <File Type="OPT-TIMING" Name="two_to_four_decoder_lab03_timing_summary_opted.rpt"/>
  <File Type="OPT-DCP" Name="two_to_four_decoder_lab03_opt.dcp"/>
  <File Type="ROUTE-PWR-SUM" Name="two_to_four_decoder_lab03_power_summary_routed.pb"/>
  <File Type="REPORTS-TCL" Name="two_to_four_decoder_lab03_reports.tcl"/>
  <File Type="OPT-DRC" Name="two_to_four_decoder_lab03_drc_opted.rpt"/>
  <File Type="OPT-HWDEF" Name="two_to_four_decoder_lab03.hwdef"/>
  <File Type="PWROPT-DCP" Name="two_to_four_decoder_lab03_pwropt.dcp"/>
  <File Type="PWROPT-DRC" Name="two_to_four_decoder_lab03_drc_pwropted.rpt"/>
  <File Type="PWROPT-TIMING" Name="two_to_four_decoder_lab03_timing_summary_pwropted.rpt"/>
  <File Type="PLACE-DCP" Name="two_to_four_decoder_lab03_placed.dcp"/>
  <File Type="PLACE-IO" Name="two_to_four_decoder_lab03_io_placed.rpt"/>
  <File Type="PLACE-CLK" Name="two_to_four_decoder_lab03_clock_utilization_placed.rpt"/>
  <File Type="PLACE-UTIL" Name="two_to_four_decoder_lab03_utilization_placed.rpt"/>
  <File Type="PLACE-UTIL-PB" Name="two_to_four_decoder_lab03_utilization_placed.pb"/>
  <File Type="PLACE-CTRL" Name="two_to_four_decoder_lab03_control_sets_placed.rpt"/>
  <File Type="PLACE-SIMILARITY" Name="two_to_four_decoder_lab03_incremental_reuse_placed.rpt"/>
  <File Type="PLACE-PRE-SIMILARITY" Name="two_to_four_decoder_lab03_incremental_reuse_pre_placed.rpt"/>
  <File Type="PLACE-TIMING" Name="two_to_four_decoder_lab03_timing_summary_placed.rpt"/>
  <File Type="POSTPLACE-PWROPT-DCP" Name="two_to_four_decoder_lab03_postplace_pwropt.dcp"/>
  <File Type="BG-BIN" Name="two_to_four_decoder_lab03.bin"/>
  <File Type="POSTPLACE-PWROPT-TIMING" Name="two_to_four_decoder_lab03_timing_summary_postplace_pwropted.rpt"/>
  <File Type="PHYSOPT-DCP" Name="two_to_four_decoder_lab03_physopt.dcp"/>
  <File Type="PHYSOPT-DRC" Name="two_to_four_decoder_lab03_drc_physopted.rpt"/>
  <File Type="BITSTR-MSK" Name="two_to_four_decoder_lab03.msk"/>
  <File Type="PHYSOPT-TIMING" Name="two_to_four_decoder_lab03_timing_summary_physopted.rpt"/>
  <File Type="ROUTE-ERROR-DCP" Name="two_to_four_decoder_lab03_routed_error.dcp"/>
  <File Type="ROUTE-DCP" Name="two_to_four_decoder_lab03_routed.dcp"/>
  <File Type="ROUTE-BLACKBOX-DCP" Name="two_to_four_decoder_lab03_routed_bb.dcp"/>
  <File Type="ROUTE-DRC" Name="two_to_four_decoder_lab03_drc_routed.rpt"/>
  <File Type="ROUTE-DRC-PB" Name="two_to_four_decoder_lab03_drc_routed.pb"/>
  <File Type="ROUTE-DRC-RPX" Name="two_to_four_decoder_lab03_drc_routed.rpx"/>
  <File Type="BITSTR-MMI" Name="two_to_four_decoder_lab03.mmi"/>
  <File Type="ROUTE-METHODOLOGY-DRC" Name="two_to_four_decoder_lab03_methodology_drc_routed.rpt"/>
  <File Type="ROUTE-METHODOLOGY-DRC-RPX" Name="two_to_four_decoder_lab03_methodology_drc_routed.rpx"/>
  <File Type="ROUTE-METHODOLOGY-DRC-PB" Name="two_to_four_decoder_lab03_methodology_drc_routed.pb"/>
  <File Type="ROUTE-PWR-RPX" Name="two_to_four_decoder_lab03_power_routed.rpx"/>
  <File Type="ROUTE-STATUS" Name="two_to_four_decoder_lab03_route_status.rpt"/>
  <File Type="ROUTE-STATUS-PB" Name="two_to_four_decoder_lab03_route_status.pb"/>
  <File Type="ROUTE-TIMINGSUMMARY" Name="two_to_four_decoder_lab03_timing_summary_routed.rpt"/>
  <File Type="ROUTE-TIMING-PB" Name="two_to_four_decoder_lab03_timing_summary_routed.pb"/>
  <File Type="ROUTE-TIMING-RPX" Name="two_to_four_decoder_lab03_timing_summary_routed.rpx"/>
  <File Type="ROUTE-SIMILARITY" Name="two_to_four_decoder_lab03_incremental_reuse_routed.rpt"/>
  <File Type="ROUTE-CLK" Name="two_to_four_decoder_lab03_clock_utilization_routed.rpt"/>
  <File Type="ROUTE-BUS-SKEW" Name="two_to_four_decoder_lab03_bus_skew_routed.rpt"/>
  <File Type="ROUTE-BUS-SKEW-PB" Name="two_to_four_decoder_lab03_bus_skew_routed.pb"/>
  <File Type="ROUTE-BUS-SKEW-RPX" Name="two_to_four_decoder_lab03_bus_skew_routed.rpx"/>
  <File Type="POSTROUTE-PHYSOPT-DCP" Name="two_to_four_decoder_lab03_postroute_physopt.dcp"/>
  <File Type="POSTROUTE-PHYSOPT-BLACKBOX-DCP" Name="two_to_four_decoder_lab03_postroute_physopt_bb.dcp"/>
  <File Type="POSTROUTE-PHYSOPT-TIMING" Name="two_to_four_decoder_lab03_timing_summary_postroute_physopted.rpt"/>
  <File Type="POSTROUTE-PHYSOPT-TIMING-PB" Name="two_to_four_decoder_lab03_timing_summary_postroute_physopted.pb"/>
  <File Type="POSTROUTE-PHYSOPT-TIMING-RPX" Name="two_to_four_decoder_lab03_timing_summary_postroute_physopted.rpx"/>
  <File Type="POSTROUTE-PHYSOPT-BUS-SKEW" Name="two_to_four_decoder_lab03_bus_skew_postroute_physopted.rpt"/>
  <File Type="POSTROUTE-PHYSOPT-BUS-SKEW-PB" Name="two_to_four_decoder_lab03_bus_skew_postroute_physopted.pb"/>
  <File Type="BG-BIT" Name="two_to_four_decoder_lab03.bit"/>
  <File Type="POSTROUTE-PHYSOPT-BUS-SKEW-RPX" Name="two_to_four_decoder_lab03_bus_skew_postroute_physopted.rpx"/>
  <File Type="BITSTR-RBT" Name="two_to_four_decoder_lab03.rbt"/>
  <File Type="BITSTR-NKY" Name="two_to_four_decoder_lab03.nky"/>
  <File Type="PDI-FILE" Name="two_to_four_decoder_lab03.pdi"/>
  <File Type="RCFI_FILE" Name="two_to_four_decoder_lab03.rcfi"/>
  <File Type="CFI_FILE" Name="two_to_four_decoder_lab03.cfi"/>
  <File Type="RNPI_FILE" Name="two_to_four_decoder_lab03.rnpi"/>
  <File Type="NPI_FILE" Name="two_to_four_decoder_lab03.npi"/>
  <File Type="RBD_FILE" Name="two_to_four_decoder_lab03.rbd"/>
  <File Type="BITSTR-LTX" Name="debug_nets.ltx"/>
  <File Type="BITSTR-LTX" Name="two_to_four_decoder_lab03.ltx"/>
  <File Type="BITSTR-SYSDEF" Name="two_to_four_decoder_lab03.sysdef"/>
  <File Type="BG-BGN" Name="two_to_four_decoder_lab03.bgn"/>
  <File Type="BG-DRC" Name="two_to_four_decoder_lab03.drc"/>
  <File Type="RDI-RDI" Name="two_to_four_decoder_lab03.vdi"/>
  <File Type="WBT-USG" Name="usage_statistics_webtalk.html"/>
  <FileSet Name="sources" Type="DesignSrcs" RelSrcDir="$PSRCDIR/sources_1">
    <Filter Type="Srcs"/>
    <File Path="$PSRCDIR/sources_1/new/two_to_four_decoder_lab03.vhd">
      <FileInfo>
        <Attr Name="UsedIn" Val="synthesis"/>
        <Attr Name="UsedIn" Val="simulation"/>
      </FileInfo>
    </File>
    <File Path="$PSRCDIR/sources_1/new/priority_encoder_lab03.vhd">
      <FileInfo>
        <Attr Name="AutoDisabled" Val="1"/>
        <Attr Name="UsedIn" Val="synthesis"/>
        <Attr Name="UsedIn" Val="simulation"/>
      </FileInfo>
    </File>
    <File Path="$PSRCDIR/sources_1/new/two_to_one_mux1_lab03.vhd">
      <FileInfo>
        <Attr Name="AutoDisabled" Val="1"/>
        <Attr Name="UsedIn" Val="synthesis"/>
        <Attr Name="UsedIn" Val="simulation"/>
      </FileInfo>
    </File>
    <Config>
      <Option Name="DesignMode" Val="RTL"/>
      <Option Name="TopModule" Val="two_to_four_decoder_lab03"/>
    </Config>
  </FileSet>
  <FileSet Name="constrs_in" Type="Constrs" RelSrcDir="$PSRCDIR/constrs_1">
    <Filter Type="Constrs"/>
    <File Path="$PSRCDIR/constrs_1/new/two_to_one_mux_XDC.xdc">
      <FileInfo>
        <Attr Name="UsedIn" Val="synthesis"/>
        <Attr Name="UsedIn" Val="implementation"/>
      </FileInfo>
    </File>
    <File Path="$PSRCDIR/constrs_1/new/priority_encoder_lab03_XDC.xdc">
      <FileInfo>
        <Attr Name="UsedIn" Val="synthesis"/>
        <Attr Name="UsedIn" Val="implementation"/>
      </FileInfo>
    </File>
    <File Path="$PSRCDIR/constrs_1/new/two_to_four_decoder_lab03_XDC.xdc">
      <FileInfo>
        <Attr Name="UsedIn" Val="synthesis"/>
        <Attr Name="UsedIn" Val="implementation"/>
      </FileInfo>
    </File>
    <Config>
      <Option Name="TargetConstrsFile" Val="$PSRCDIR/constrs_1/new/priority_encoder_lab03_XDC.xdc"/>
      <Option Name="ConstrsType" Val="XDC"/>
    </Config>
  </FileSet>
  <FileSet Name="utils" Type="Utils" RelSrcDir="$PSRCDIR/utils_1">
    <Filter Type="Utils"/>
    <Config>
      <Option Name="TopAutoSet" Val="TRUE"/>
    </Config>
  </FileSet>
  <Strategy Version="1" Minor="2">
    <StratHandle Name="Vivado Implementation Defaults" Flow="Vivado Implementation 2019">
      <Desc>Default settings for Implementation.</Desc>
    </StratHandle>
    <Step Id="init_design"/>
    <Step Id="opt_design"/>
    <Step Id="power_opt_design"/>
    <Step Id="place_design"/>
    <Step Id="post_place_power_opt_design"/>
    <Step Id="phys_opt_design" EnableStepBool="1"/>
    <Step Id="route_design"/>
    <Step Id="post_route_phys_opt_design"/>
    <Step Id="write_bitstream"/>
  </Strategy>
</GenRun>
