﻿<?xml version="1.0" encoding="UTF-8" standalone="no" ?>
<!-- Copyright (C) 2019, Xilinx Inc - All rights reserved

 Licensed under the Apache License, Version 2.0 (the "License"). You may
 not use this file except in compliance with the License. A copy of the
 License is located at

     http://www.apache.org/licenses/LICENSE-2.0


 Unless required by applicable law or agreed to in writing, software
 distributed under the License is distributed on an "AS IS" BASIS, WITHOUT
 WARRANTIES OR CONDITIONS OF ANY KIND, either express or implied. See the
 License for the specific language governing permissions and limitations
 under the License. -->
 
<ExampleDesign>

<Vendor>xilinx.com</Vendor>

<Library>design</Library>

<Name>mb_preset</Name>

<DisplayName>MicroBlaze Design Presets</DisplayName>

<Description>
This embedded design offers a MicroBlaze subsystem that can be targeted for the following use cases.

Microcontroller: This is a cache-less processor subsystem optimized for low-latency highly deterministic operations.

Real-time Processor: This is a cache based processor subsystem with an MPU capable of running a deterministic real-time operating system.

Application Class Processor: This is a cache based processor subsystem with an MMU for virtualized memory required by operating systems like Linux.

All designs include basic peripherals such as an I2C controller, SPI Controller, UART, Timer and Interrupt Controller.

</Description>

<Version>1.0</Version>

<Design>init.tcl</Design>

<Image></Image>

</ExampleDesign>

