{
    "config": {
      "items": [
        {
          "infra": {
            "name": "ext_platform",
            "display": "Versal Extensible Embedded Platform",
            "revision": "1.0",
            "description": "An example extendable platform design for Versal devices",
            "company": "xilinx.com",
            "company_display": "Xilinx",
            "author": "vanitha",
            "contributors": [
              {
                "group": "Xilinx",
                "url": "www.xilinx.com"
              }
            ],
            "category": "Platforms",
            "website": "www.xilinx.com",
            "is_active" : true, 
            "search-keywords": [
              "ext_platform",
              "xilinx.com",
              "example"             
            ]
          }
        }
      ]
    },
    "_major" : 1,
    "_minor" : 0
}
