<?xml version="1.0" encoding="UTF-8"?>
<GenRun Id="synth_1" LaunchPart="xc7a35tcpg236-1" LaunchTime="1631600191">
  <File Type="PA-TCL" Name="full_adder_vhdl_code.tcl"/>
  <File Type="RDS-PROPCONSTRS" Name="full_adder_vhdl_code_drc_synth.rpt"/>
  <File Type="REPORTS-TCL" Name="full_adder_vhdl_code_reports.tcl"/>
  <File Type="RDS-RDS" Name="full_adder_vhdl_code.vds"/>
  <File Type="RDS-UTIL" Name="full_adder_vhdl_code_utilization_synth.rpt"/>
  <File Type="RDS-UTIL-PB" Name="full_adder_vhdl_code_utilization_synth.pb"/>
  <File Type="RDS-DCP" Name="full_adder_vhdl_code.dcp"/>
  <File Type="VDS-TIMINGSUMMARY" Name="full_adder_vhdl_code_timing_summary_synth.rpt"/>
  <File Type="VDS-TIMING-PB" Name="full_adder_vhdl_code_timing_summary_synth.pb"/>
  <FileSet Name="sources" Type="DesignSrcs" RelSrcDir="$PSRCDIR/sources_1" RelGenDir="$PGENDIR/sources_1">
    <Filter Type="Srcs"/>
    <File Path="$PSRCDIR/sources_1/new/full_adder.vhd">
      <FileInfo>
        <Attr Name="UsedIn" Val="synthesis"/>
        <Attr Name="UsedIn" Val="simulation"/>
      </FileInfo>
    </File>
    <Config>
      <Option Name="DesignMode" Val="RTL"/>
      <Option Name="TopModule" Val="full_adder_vhdl_code"/>
      <Option Name="TopAutoSet" Val="TRUE"/>
    </Config>
  </FileSet>
  <FileSet Name="constrs_in" Type="Constrs" RelSrcDir="$PSRCDIR/constrs_1">
    <Filter Type="Constrs"/>
    <File Path="$PPRDIR/../../../../Downloads/Basys3_Master_v2.xdc">
      <FileInfo>
        <Attr Name="UsedIn" Val="synthesis"/>
        <Attr Name="UsedIn" Val="implementation"/>
      </FileInfo>
    </File>
    <Config>
      <Option Name="ConstrsType" Val="XDC"/>
    </Config>
  </FileSet>
  <FileSet Name="utils" Type="Utils" RelSrcDir="$PSRCDIR/utils_1">
    <Filter Type="Utils"/>
    <Config>
      <Option Name="TopAutoSet" Val="TRUE"/>
    </Config>
  </FileSet>
  <Strategy Version="1" Minor="2">
    <StratHandle Name="Vivado Synthesis Defaults" Flow="Vivado Synthesis 2021">
      <Desc>Vivado Synthesis Defaults</Desc>
    </StratHandle>
    <Step Id="synth_design"/>
  </Strategy>
</GenRun>
