<?xml version="1.0" encoding="UTF-8"?>
<GenRun Id="impl_1" LaunchPart="xc7a35tcpg236-1" LaunchTime="1584351313">
  <File Type="PA-TCL" Name="hex_to_seg.tcl"/>
  <File Type="REPORTS-TCL" Name="hex_to_seg_reports.tcl"/>
  <File Type="BITSTR-MSK" Name="hex_to_seg.msk"/>
  <File Type="RDI-RDI" Name="hex_to_seg.vdi"/>
  <File Type="BG-BIT" Name="hex_to_seg.bit"/>
  <File Type="BG-DRC" Name="hex_to_seg.drc"/>
  <File Type="BG-BGN" Name="hex_to_seg.bgn"/>
  <File Type="BG-BIN" Name="hex_to_seg.bin"/>
  <File Type="BITSTR-RBT" Name="hex_to_seg.rbt"/>
  <File Type="BITSTR-NKY" Name="hex_to_seg.nky"/>
  <File Type="BITSTR-BMM" Name="hex_to_seg_bd.bmm"/>
  <File Type="BITSTR-MMI" Name="hex_to_seg.mmi"/>
  <File Type="BITSTR-SYSDEF" Name="hex_to_seg.sysdef"/>
  <File Type="BITSTR-LTX" Name="debug_nets.ltx"/>
  <File Type="BITSTR-LTX" Name="hex_to_seg.ltx"/>
  <File Type="WBT-USG" Name="usage_statistics_webtalk.html"/>
  <File Type="OPT-HWDEF" Name="hex_to_seg.hwdef"/>
  <File Type="PLACE-PRE-SIMILARITY" Name="hex_to_seg_incremental_reuse_pre_placed.rpt"/>
  <File Type="ROUTE-DCP" Name="hex_to_seg_routed.dcp"/>
  <File Type="ROUTE-ERROR-DCP" Name="hex_to_seg_routed_error.dcp"/>
  <File Type="ROUTE-BLACKBOX-DCP" Name="hex_to_seg_routed_bb.dcp"/>
  <File Type="ROUTE-TIMING-PB" Name="hex_to_seg_timing_summary_routed.pb"/>
  <File Type="OPT-DCP" Name="hex_to_seg_opt.dcp"/>
  <File Type="PLACE-DCP" Name="hex_to_seg_placed.dcp"/>
  <File Type="PWROPT-DCP" Name="hex_to_seg_pwropt.dcp"/>
  <File Type="POSTPLACE-PWROPT-DCP" Name="hex_to_seg_postplace_pwropt.dcp"/>
  <File Type="PHYSOPT-DCP" Name="hex_to_seg_physopt.dcp"/>
  <File Type="POSTROUTE-PHYSOPT-DCP" Name="hex_to_seg_postroute_physopt.dcp"/>
  <File Type="POSTROUTE-PHYSOPT-BLACKBOX-DCP" Name="hex_to_seg_postroute_physopt_bb.dcp"/>
  <File Type="PDI-FILE" Name="hex_to_seg.pdi"/>
  <File Type="RCFI_FILE" Name="hex_to_seg.rcfi"/>
  <File Type="CFI_FILE" Name="hex_to_seg.cfi"/>
  <File Type="RNPI_FILE" Name="hex_to_seg.rnpi"/>
  <File Type="NPI_FILE" Name="hex_to_seg.npi"/>
  <File Type="RBD_FILE" Name="hex_to_seg.rbd"/>
  <FileSet Name="sources" Type="DesignSrcs" RelSrcDir="$PSRCDIR/sources_1">
    <Filter Type="Srcs"/>
    <File Path="$PSRCDIR/sources_1/new/hex_to_seg_if.vhd">
      <FileInfo>
        <Attr Name="UsedIn" Val="synthesis"/>
        <Attr Name="UsedIn" Val="simulation"/>
      </FileInfo>
    </File>
    <File Path="$PSRCDIR/sources_1/new/hex_to_seg.vhd">
      <FileInfo>
        <Attr Name="AutoDisabled" Val="1"/>
        <Attr Name="UsedIn" Val="synthesis"/>
        <Attr Name="UsedIn" Val="simulation"/>
      </FileInfo>
    </File>
    <Config>
      <Option Name="DesignMode" Val="RTL"/>
      <Option Name="TopModule" Val="hex_to_seg_if"/>
    </Config>
  </FileSet>
  <FileSet Name="constrs_in" Type="Constrs" RelSrcDir="$PSRCDIR/constrs_1">
    <Filter Type="Constrs"/>
    <File Path="$PSRCDIR/constrs_1/new/hex_to_seg_xdc.xdc">
      <FileInfo>
        <Attr Name="UsedIn" Val="synthesis"/>
        <Attr Name="UsedIn" Val="implementation"/>
      </FileInfo>
    </File>
    <Config>
      <Option Name="ConstrsType" Val="XDC"/>
    </Config>
  </FileSet>
  <FileSet Name="utils" Type="Utils" RelSrcDir="$PSRCDIR/utils_1">
    <Filter Type="Utils"/>
    <Config>
      <Option Name="TopAutoSet" Val="TRUE"/>
    </Config>
  </FileSet>
  <Strategy Version="1" Minor="2">
    <StratHandle Name="Vivado Implementation Defaults" Flow="Vivado Implementation 2019"/>
    <Step Id="init_design"/>
    <Step Id="opt_design"/>
    <Step Id="power_opt_design"/>
    <Step Id="place_design"/>
    <Step Id="post_place_power_opt_design"/>
    <Step Id="phys_opt_design" EnableStepBool="1"/>
    <Step Id="route_design"/>
    <Step Id="post_route_phys_opt_design"/>
    <Step Id="write_bitstream"/>
    <Step Id="write_device_image"/>
  </Strategy>
</GenRun>
