{
    "config": {
      "items": [
        {
          "infra": {
            "name": "multirategty",
            "display": "Multi-Rate GTY",
            "revision": "1.0",
            "description": "A Versal example design that demonstrates Multi-Rate GTY",
            "company": "xilinx.com",
            "company_display": "Xilinx",
            "author": "jhua",
            "contributors": [
              {
                "group": "Xilinx",
                "url": "www.xilinx.com"
              }
            ],
            "category": "Versal",
            "website": "www.xilinx.com",
            "is_active" : true, 
            "search-keywords": [
              "GTY",
              "xilinx.com",
              "example"        
            ]
          }
        }
      ]
    },
    "_major" : 1,
    "_minor" : 0
}
