<?xml version="1.0" encoding="UTF-8" standalone="no" ?>
<ExampleDesign>

  <Vendor>xilinx.com</Vendor>

  <Library>design</Library>

  <Name>versal_hdsp</Name>
  
  <DisplayName>Versal HSDP with Soft Aurora</DisplayName>

  <Description>This flow offers a simple way to create an example design for the High Speed Debug Port (HSDP) using the Soft Aurora interface.</Description>
  
  <Version>1.0</Version>

  <Design>init.tcl</Design>
  <Image>versal_hsdp_ced.png</Image>
  
  <DesignType>IPI</DesignType>

</ExampleDesign>

