{
    "config": {
      "items": [
        {
          "infra": {
            "name": "hsdp_ced",
            "display": "Versal HSDP with Soft Aurora",
            "revision": "1.0",
            "description": "A Versal example design for the High Speed Debug Port (HSDP) using the Soft Aurora interface.",
            "company": "xilinx.com",
            "company_display": "Xilinx",
            "author": "mpeattie",
            "contributors": [
              {
                "group": "Xilinx",
                "url": "www.xilinx.com"
              }
            ],
            "category": "Versal",
            "website": "www.xilinx.com",
            "is_active" : true, 
            "search-keywords": [
              "HSDP",
              "Aurora",
              "xilinx.com",
              "example"             
            ]
          }
        }
      ]
    },
    "_major" : 1,
    "_minor" : 0
}
