{
  "catalog": {
    "items": [
      {
        "name": "cips_ddr_pl_debug",
        "display": "Versal CIPS Design",
        "latest_revision": "1.0",
        "commit_id": "51ec8b17f6ef6b7a756149787d8c40f0a25949fd",
        "revisions": [
          {
            "revision": "1.0",
            "commit_id": "51ec8b17f6ef6b7a756149787d8c40f0a25949fd",
            "date": "27-08-2020",
            "history": "Updated description and picture"
          }
        ],
        "config": {
          "root": "ced/Xilinx/IPI/cips_ddr_pl_debug",
          "metadata_file": "xitem.json"
        },
        "company": "xilinx.com"
      },
      {
        "name": "mb_preset",
        "display": "MicroBlaze Design Presets",
        "latest_revision": "1.0",
        "commit_id": "70fb2c7c37e30f1d9f0a87c1b439563a2ea63473",
        "revisions": [
          {
            "revision": "1.0",
            "commit_id": "70fb2c7c37e30f1d9f0a87c1b439563a2ea63473",
            "date": "29-06-2020",
            "history": "Fixed typo"
          }
        ],
        "config": {
          "root": "ced/Xilinx/IPI/MicroBlaze Design Presets",
          "metadata_file": "xitem.json"
        },
        "company": "xilinx.com"
      },
      {
        "name": "mpsoc_preset",
        "display": "Zynq UltraScale+ MPSoC Design Presets",
        "latest_revision": "1.0",
        "commit_id": "dbea1aa3addff7474f00772f6e56e76be0fba66f",
        "revisions": [
          {
            "revision": "1.0",
            "commit_id": "dbea1aa3addff7474f00772f6e56e76be0fba66f",
            "date": "06-03-2020",
            "history": "Zynq UltraScale+  based example design for Xilinx Evaluation Boards"
          }
        ],
        "config": {
          "root": "ced/Xilinx/IPI/Zynq UltraScale+ MPSoC Design Presets",
          "metadata_file": "xitem.json"
        },
        "company": "xilinx.com"
      },
      {
        "name": "zynq7000_preset",
        "display": "Zynq-7000 Design Presets",
        "latest_revision": "1.0",
        "commit_id": "dbea1aa3addff7474f00772f6e56e76be0fba66f",
        "revisions": [
          {
            "revision": "1.0",
            "commit_id": "dbea1aa3addff7474f00772f6e56e76be0fba66f",
            "date": "06-03-2020",
            "history": "Zynq-7000 based example design for Xilinx Evaluation Boards"
          }
        ],
        "config": {
          "root": "ced/Xilinx/IPI/Zynq-7000 Design Presets",
          "metadata_file": "xitem.json"
        },
        "company": "xilinx.com"
      },
      {
        "name": "axidma",
        "display": "AXI DMA",
        "latest_revision": "1.0",
        "commit_id": "63eaee1146757502c55b31da836645ca9e2c86dc",
        "revisions": [
          {
            "revision": "1.0",
            "commit_id": "63eaee1146757502c55b31da836645ca9e2c86dc",
            "date": "18-01-2021:17:37:30",
            "history": "Added board AXI DMA v1.0"
          }
        ],
        "config": {
          "root": "ced/Xilinx/IPI/VCK190-AXIDMA-Example",
          "metadata_file": "xitem.json"
        },
        "company": "xilinx.com"
      },
      {
        "name": "soc_vip",
        "display": "Versal ACAP CIPS PS VIP",
        "latest_revision": "1.0",
        "commit_id": "ad59bb0d5316e1c159338e722e14f598afeefa46",
        "revisions": [
          {
            "revision": "1.0",
            "commit_id": "ad59bb0d5316e1c159338e722e14f598afeefa46",
            "date": "08-02-2021:05:11:54",
            "history": "Added board Versal ACAP CIPS PS VIP v1.0"
          }
        ],
        "config": {
          "root": "ced/Xilinx/IPI/cips_vip",
          "metadata_file": "xitem.json"
        },
        "company": "xilinx.com"
      },
      {
        "name": "multirategty",
        "display": "Multi-Rate GTY",
        "latest_revision": "1.0",
        "commit_id": "1a37059a59b048b6de88e1268925bc26f03b7ce1",
        "revisions": [
          {
            "revision": "1.0",
            "commit_id": "1a37059a59b048b6de88e1268925bc26f03b7ce1",
            "date": "26-05-2021:20:59:24",
            "history": "Added board Multi-Rate GTY v1.0"
          }
        ],
        "config": {
          "root": "ced/Xilinx/IPI/Versal Multi-Rate GTY",
          "metadata_file": "xitem.json"
        },
        "company": "xilinx.com"
      },
      {
        "name": "hsdp_ced",
        "display": "Versal HSDP with Soft Aurora",
        "latest_revision": "1.0",
        "commit_id": "83892fd1662760b22506e3c71ff78744f9ecbf1f",
        "revisions": [
          {
            "revision": "1.0",
            "commit_id": "83892fd1662760b22506e3c71ff78744f9ecbf1f",
            "date": "11-06-2021:18:05:23",
            "history": "Added board Versal HSDP with Soft Aurora v1.0"
          }
        ],
        "config": {
          "root": "ced/Xilinx/IPI/hsdp_ced",
          "metadata_file": "xitem.json"
        },
        "company": "xilinx.com"
      },
      {
        "name": "ext_platform",
        "display": "Versal Extensible Embedded Platform",
        "latest_revision": "1.0",
        "commit_id": "2dbfd402fc3e53526ba8db752b9cd429f1587c28",
        "revisions": [
          {
            "revision": "1.0",
            "commit_id": "2dbfd402fc3e53526ba8db752b9cd429f1587c28",
            "date": "28-06-2021:04:11:52",
            "history": "Added board Versal Extensible Embedded Platform v1.0"
          }
        ],
        "config": {
          "root": "ced/Xilinx/IPI/Versal_Extensible_Embedded_Platform",
          "metadata_file": "xitem.json"
        },
        "company": "xilinx.com"
      },
      {
        "name": "versal_ibert_ced",
        "display": "Versal IBERT",
        "latest_revision": "1.0",
        "commit_id": "0b4222f516ee8676adffd3f157cdbd06690b9e5c",
        "revisions": [
          {
            "revision": "1.0",
            "commit_id": "0b4222f516ee8676adffd3f157cdbd06690b9e5c",
            "date": "15-07-2021:15:31:35",
            "history": "Added board Versal IBERT v1.0"
          }
        ],
        "config": {
          "root": "ced/Xilinx/IPI/versal_ibert_ced",
          "metadata_file": "xitem.json"
        },
        "company": "xilinx.com"
      }
    ],
    "categories": [
      {
        "name": "single_part",
        "display_name": "Single Part",
        "description": "This category represents all the boards which have single part",
        "parent": ""
      },
      {
        "name": "multi_part",
        "display_name": "Multi Part",
        "description": "This category represents all the boards which have multi part",
        "parent": ""
      },
      {
        "name": "daughter_card",
        "display_name": "Daughter Card",
        "description": "This category represents all the boards which are daughter cards",
        "parent": ""
      },
      {
        "name": "misc",
        "display_name": "Misc",
        "description": "This category represents miscellaneous variety of boards",
        "default": true,
        "parent": ""
      },
      {
        "name": "examples",
        "display_name": "Examples",
        "description": "This category represents configurable example designs",
        "default": true,
        "parent": ""
      }
    ]
  },
  "_major": 1,
  "_minor": 0
}