{
  "catalog": {
    "current_branch": "2021.1", 
    "supported_products": [
      {
        "product_name": "vivado", 
        "supported_releases": [
          {
            "version": "2019.2", 
            "xitem_catalogue_file": "catalog/vivado_2019.2.json", 
            "remote_repo_branch_to_sync": "2019.2"
          }, 
          {
            "version": "2019.2.2", 
            "xitem_catalogue_file": "catalog/vivado_2019.2.json", 
            "remote_repo_branch_to_sync": "2019.2"
          }, 
          {
            "version": "2020.1", 
            "xitem_catalogue_file": "catalog/vivado_2020.1.json", 
            "remote_repo_branch_to_sync": "2020.1"
          }, 
          {
            "version": "2020.1.1", 
            "xitem_catalogue_file": "catalog/vivado_2020.1.1.json", 
            "remote_repo_branch_to_sync": "2020.1.1"
          }, 
          {
            "version": "2020.2", 
            "xitem_catalogue_file": "catalog/vivado_2020.2.json", 
            "remote_repo_branch_to_sync": "2020.2"
          }, 
          {
            "version": "2020.2.1", 
            "xitem_catalogue_file": "catalog/vivado_2020.2.1.json", 
            "remote_repo_branch_to_sync": "2020.2.1"
          }, 
          {
            "version": "2020.2.2", 
            "xitem_catalogue_file": "catalog/vivado_2020.2.2.json", 
            "remote_repo_branch_to_sync": "2020.2.2"
          }, 
          {
            "version": "2020.2_SAM", 
            "xitem_catalogue_file": "catalog/vivado_2020.2_SAM.json", 
            "remote_repo_branch_to_sync": "2020.2_SAM"
          }, 
          {
            "version": "2020.3", 
            "xitem_catalogue_file": "catalog/vivado_2020.3.json", 
            "remote_repo_branch_to_sync": "2020.3"
          }, 
          {
            "xitem_catalogue_file": "catalog/vivado_master.json", 
            "version": "default", 
            "remote_repo_branch_to_sync": "master"
          }, 
          {
            "xitem_catalogue_file": "catalog/vivado_2021.1.json", 
            "version": "2021.1", 
            "remote_repo_branch_to_sync": "2021.1"
          }
        ]
      }
    ]
  }, 
  "_major": 1, 
  "_minor": 0
}